Angela,3015 W. Dewey,female,Tampa,40
TheCodingInterview,GayleMcDowell,Tech,,
"Narnia,Lewis,Fantasy",,,,
"On the Road To,M.J. Williams, Western",,,,
"Blue Coyote Motel, Dianne Harman, Western",,,,
"Everyone Burns, John Dolan, Mystery",,,,
"Fatal Breach, Linda Rawlins, Mystery",,,,
"Just Add Salt, Jonx Schwartz, Mystery",,,,
"Liquidator, Iain Parke, Thriller",,,,
"The Elephant Tree, R.D. Ronald, Thriller",,,,
"Sometimes I lie, Alice Feeny, Thriller",,,,
"Shutter Island, Dennis Lehane, Mystery",,,,
"Fastest in the West, Anfaney Gladwin, Western",,,,
"Azaleas: A Book of Poems, Kim Sowol, Literature",,,,
"Chinese New Year For Kids, Baby Professor, Children",,,,
"Asia Falling, Callum Henderson, Business Week",,,,
"Come Look With Me: Asian Art, Kimberly Lane, Art",,,,
"A Passage to India, E.M.Forster, Non-Fiction",,,,
"The Discovery of India, Jawaharlal Nehru, Non-fiction",,,,
"River of Gods, Ian McDonald, Fantasy",,,,
"I am not your perfect Mexican daughter, Erick Sanchez, Literature",,,,
"Dear Martin, Ibi Zoboi, Literature",,,,
"Want, Cindy Pon, Literature",,,,
"Rebel Seoul, Axie Oh, Literature",,,,
"Your Welcome Universe, Whitney Gardner, Literature",,,,
"They Both Die at the End, Adam Silvera, Literature",,,,
"Obama's Change: Communism in America, political science",,,,
"Abraham Lincoln: Vampire Hunter, Seth Grahame-Smith, Political science",,,,
The coding interview,gayleMcdowell,Tech,,