TheCodingInterview,GayleMcDowell,Tech
Narnia,Lewis,Fantasy
On the Road To,M.J. Williams, Western
Blue Coyote Motel, Dianne Harman, Western
Everyone Burns, John Dolan, Mystery
Fatal Breach, Linda Rawlins, Mystery
Just Add Salt, Jonx Schwartz, Mystery
Liquidator, Iain Parke, Thriller
The Elephant Tree, R.D. Ronald, Thriller
Sometimes I lie, Alice Feeny, Thriller
Shutter Island, Dennis Lehane, Mystery
Fastest in the West, Anfaney Gladwin, Western
Azaleas: A Book of Poems, Kim Sowol, Literature
Chinese New Year For Kids, Baby Professor, Children
Asia Falling, Callum Henderson, Business Week
Come Look With Me: Asian Art, Kimberly Lane, Art
A Passage to India, E.M.Forster, Non-Fiction
The Discovery of India, Jawaharlal Nehru, Non-fiction
River of Gods, Ian McDonald, Fantasy
I am not your perfect Mexican daughter, Erick Sanchez, Literature
Dear Martin, Ibi Zoboi, Literature
Want, Cindy Pon, Literature
Rebel Seoul, Axie Oh, Literature
Your Welcome Universe, Whitney Gardner, Literature
They Both Die at the End, Adam Silvera, Literature
Obama's Change: Communism in America, political science
Abraham Lincoln: Vampire Hunter, Seth Grahame-Smith, Political science
Killing Lincoln: The Shocking Assassination that changed America forever, Martin Dugard, political science
Tupac Shakur Legacy, Jamal Joseph, Non-Fiction
Family Affair: Loving Brookdale Men, Marilyn Barnes, Romance
How to accommodate Men, Marilyn Krysl, Romance
The Golden dynasty, Kristen Ashley, Fantasy
The Glass Hotel, Emily St. John, fiction
The Red Lotus, Chris Bohjalian, Fiction
The City We Became, N.K Jemisin, Fiction
Fire and Fury: Inside the Trump White House, Michael Wolff, Political Science. Fear:Trump in the White House, Bob Woodward, Political Science
Why We want you to be rich, Donald Trump, Motivation
My Life, Bill Clinton, Biography	
Strong Looks Better Naked, Khloe Kardashian, Fitness
Kim Kardashian West: Selfish, Kim Kardashian West, Biography
Stonewall: The Uprising for Gay Rights, Rob Sanders, history
Beauty for Ashes, Joyce Meyer, Non-Fiction
The Penny, Joyce Meyer, Non-Fiction
